                  epoch,           train/box_om,           train/cls_om,           train/dfl_om,           train/box_oo,           train/cls_oo,           train/dfl_oo,   metrics/precision(B),      metrics/recall(B),       metrics/mAP50(B),    metrics/mAP50-95(B),             val/box_om,             val/cls_om,             val/dfl_om,             val/box_oo,             val/cls_oo,             val/dfl_oo,                 lr/pg0,                 lr/pg1,                 lr/pg2
                      1,                 3.4788,                 4.1677,                  4.216,                 3.1992,                 4.8712,                  4.276,                0.00024,                 0.0728,                0.00551,                0.00159,                 2.4356,                 4.1783,                  4.155,                 2.1189,                 4.8065,                 4.1547,             0.00015719,             0.00015719,             0.00015719
                      2,                 3.4287,                 4.1033,                 4.1446,                 3.1354,                  4.722,                  4.198,                0.00027,                0.08046,                0.00093,                0.00019,                 2.4201,                 4.1707,                 4.1374,                 2.1121,                 4.7989,                 4.1425,             0.00032704,             0.00032704,             0.00032704
                      3,                 3.2842,                 3.9165,                 3.9749,                 2.9274,                 4.4449,                 3.9765,                0.00027,                0.08046,                0.00076,                0.00017,                 2.3815,                 4.1523,                 4.0955,                 2.0944,                 4.7833,                  4.115,              0.0004952,              0.0004952,              0.0004952
                      4,                 2.8331,                 3.3808,                  3.569,                 2.3998,                 3.8622,                 3.4734,                0.00029,                0.08812,                0.00618,                0.00119,                 2.2691,                 4.1103,                 4.0073,                  2.021,                 4.7422,                  4.052,             0.00066166,             0.00066166,             0.00066166
                      5,                 2.4976,                 2.5857,                 3.1642,                 2.0514,                 3.2836,                 3.0173,                0.00034,                0.08812,                0.00135,                0.00023,                 2.3295,                 4.0669,                 3.9945,                 2.1307,                 4.7078,                 4.0593,             0.00082642,             0.00082642,             0.00082642
                      6,                  2.373,                 2.0844,                 2.7776,                 1.9663,                 2.8517,                 2.6027,                0.00038,                 0.0728,                0.00175,                0.00033,                 2.2279,                 3.9697,                 3.9367,                 2.0879,                 4.6128,                 4.0746,             0.00098948,             0.00098948,             0.00098948
                      7,                 2.1152,                  1.837,                 2.4762,                 1.8385,                 2.5904,                 2.2974,                0.00041,                0.06513,                0.00721,                0.00196,                   1.99,                 3.6335,                 3.5922,                 1.5724,                 4.4231,                 3.6392,              0.0011508,              0.0011508,              0.0011508
                      8,                 1.9584,                 1.6804,                 2.2809,                 1.8054,                 2.3511,                 2.1022,                0.01971,                0.30817,                 0.0583,                0.02815,                 1.9332,                 3.2463,                 3.0233,                 1.4321,                 4.0936,                 2.8411,              0.0013105,              0.0013105,              0.0013105
                      9,                 1.8479,                 1.5671,                 2.1203,                 1.7687,                 2.1836,                 1.9845,                0.88585,                0.09859,                0.29936,                0.17938,                 1.8232,                 2.3839,                  2.187,                 1.6434,                 2.7125,                 1.8381,              0.0013724,              0.0013724,              0.0013724
                     10,                 1.6946,                 1.4342,                 1.9895,                 1.6607,                 1.9592,                 1.8689,                0.76987,                0.19754,                0.37084,                0.16994,                 1.9832,                 2.1074,                 2.2162,                 1.8886,                 2.4654,                 2.0359,              0.0013724,              0.0013724,              0.0013724
                     11,                 1.6403,                 1.3882,                 1.9058,                 1.6041,                 1.8377,                 1.8176,                0.74576,                0.44695,                0.52565,                0.28448,                 1.8125,                 1.5028,                 1.9977,                 1.8199,                 1.7719,                 1.8929,              0.0013653,              0.0013653,              0.0013653
                     12,                 1.5609,                 1.3155,                 1.8482,                 1.5767,                 1.7297,                 1.7834,                0.64601,                0.64672,                0.68931,                0.42298,                 1.4704,                 1.2744,                 1.7767,                 1.4395,                  1.485,                 1.5855,              0.0013583,              0.0013583,              0.0013583
                     13,                 1.4932,                 1.2584,                   1.78,                 1.5148,                 1.6407,                 1.7093,                0.73107,                0.63116,                0.70791,                0.41053,                 1.4034,                 1.2571,                 1.7737,                 1.3995,                  1.533,                 1.5727,              0.0013512,              0.0013512,              0.0013512
                     14,                 1.5216,                 1.2298,                 1.8007,                 1.5324,                 1.5723,                 1.7197,                0.62518,                0.67609,                0.69366,                0.37999,                 1.3289,                 1.2079,                 1.7334,                 1.3437,                 1.4182,                 1.5059,              0.0013441,              0.0013441,              0.0013441
                     15,                  1.454,                 1.1943,                 1.7308,                 1.4706,                 1.5245,                 1.6675,                0.69802,                0.70303,                0.74649,                0.43959,                 1.3102,                 1.1897,                 1.6264,                 1.3633,                 1.3505,                 1.4956,               0.001337,               0.001337,               0.001337
                     16,                 1.4212,                 1.1455,                 1.6997,                 1.4348,                 1.4267,                  1.638,                0.72508,                0.77748,                0.80011,                0.48357,                 1.3129,                 1.1092,                 1.6667,                 1.3461,                 1.2896,                 1.4836,                0.00133,                0.00133,                0.00133
                     17,                 1.4472,                 1.1888,                 1.7388,                 1.4664,                 1.4885,                 1.6712,                0.72066,                 0.7679,                 0.7955,                0.47547,                 1.2636,                 1.1697,                 1.6604,                 1.2561,                 1.2601,                 1.4518,              0.0013229,              0.0013229,              0.0013229
                     18,                 1.3939,                 1.1501,                 1.6743,                 1.4141,                 1.4116,                  1.614,                0.69687,                0.75768,                0.77621,                0.48417,                 1.3148,                 1.1447,                 1.6231,                 1.2955,                 1.2496,                 1.4374,              0.0013158,              0.0013158,              0.0013158
                     19,                 1.3635,                 1.1218,                 1.6404,                 1.4052,                 1.3614,                 1.5956,                0.76703,                0.77056,                  0.817,                0.50056,                 1.2246,                 1.0106,                 1.5613,                 1.2588,                 1.1323,                 1.4009,              0.0013087,              0.0013087,              0.0013087
                     20,                 1.3418,                 1.0763,                 1.6381,                 1.3732,                 1.3076,                 1.5838,                0.70472,                0.73523,                0.79249,                 0.4941,                 1.2828,                 1.0583,                 1.6865,                 1.2516,                 1.2043,                 1.4545,              0.0013017,              0.0013017,              0.0013017
                     21,                 1.3731,                 1.0812,                 1.6488,                 1.3982,                 1.2933,                 1.5925,                0.71884,                0.82108,                0.81753,                0.50957,                 1.1888,                0.99567,                 1.5362,                 1.2188,                 1.1072,                 1.3858,              0.0012946,              0.0012946,              0.0012946
                     22,                 1.3547,                 1.0539,                 1.6305,                 1.3783,                 1.2608,                 1.5845,                0.74669,                0.78313,                0.82615,                0.51952,                 1.1864,                 1.0204,                 1.5207,                 1.2116,                 1.0886,                 1.3792,              0.0012875,              0.0012875,              0.0012875
                     23,                 1.3193,                 1.0269,                 1.5992,                 1.3662,                 1.2234,                 1.5639,                0.76453,                 0.7102,                0.79462,                0.50323,                 1.2348,                 1.0583,                 1.5962,                 1.2232,                 1.1073,                 1.4087,              0.0012805,              0.0012805,              0.0012805
                     24,                 1.3344,                 1.0237,                  1.619,                 1.3599,                 1.2196,                  1.564,                0.68946,                0.71294,                0.77906,                0.51946,                 1.2247,                 1.0223,                 1.5775,                 1.2048,                 1.1671,                 1.3956,              0.0012734,              0.0012734,              0.0012734
                     25,                 1.3034,                 1.0193,                 1.5924,                 1.3249,                 1.2183,                 1.5387,                0.74629,                0.80098,                0.84508,                0.56329,                 1.1683,                0.94965,                 1.4803,                 1.1974,                 1.0238,                 1.3529,              0.0012663,              0.0012663,              0.0012663
                     26,                 1.2922,                 1.0039,                 1.5829,                 1.3167,                 1.1992,                 1.5407,                0.72128,                0.77233,                0.81587,                0.53621,                 1.1627,                0.93793,                  1.481,                  1.186,                 1.0241,                 1.3603,              0.0012592,              0.0012592,              0.0012592
                     27,                 1.2553,                0.95989,                 1.5369,                 1.2818,                 1.1446,                 1.5016,                0.74829,                0.79656,                0.84761,                0.54999,                 1.2112,                0.93132,                 1.5456,                 1.2158,                 1.0083,                 1.3754,              0.0012522,              0.0012522,              0.0012522
                     28,                 1.2801,                0.99883,                 1.5715,                  1.319,                 1.1837,                 1.5333,                0.70292,                0.74747,                0.81595,                0.54896,                 1.1628,                0.93796,                 1.5296,                 1.1906,                0.98474,                 1.3771,              0.0012451,              0.0012451,              0.0012451
                     29,                 1.2597,                0.96955,                 1.5327,                 1.2956,                 1.1346,                 1.5009,                0.78168,                0.78239,                0.84868,                0.56842,                 1.1575,                0.94681,                 1.4901,                 1.1805,                   0.97,                 1.3357,               0.001238,               0.001238,               0.001238
                     30,                 1.2582,                0.99317,                 1.5408,                 1.2916,                 1.1669,                 1.5069,                0.72022,                0.81425,                0.83931,                0.56133,                  1.156,                0.92425,                 1.4806,                  1.151,                0.96966,                 1.3332,              0.0012309,              0.0012309,              0.0012309
                     31,                 1.2652,                0.98213,                 1.5489,                 1.2896,                 1.1486,                 1.5178,                0.73331,                0.78765,                0.83252,                0.55772,                 1.1664,                0.91678,                 1.5056,                 1.1769,                0.93551,                 1.3472,              0.0012239,              0.0012239,              0.0012239
                     32,                 1.2481,                0.95832,                 1.5197,                 1.2819,                 1.1063,                 1.4889,                0.74341,                0.79841,                0.84226,                0.55267,                 1.1605,                0.90733,                 1.4627,                  1.169,                0.93139,                 1.3202,              0.0012168,              0.0012168,              0.0012168
                     33,                 1.2415,                0.96212,                 1.5195,                 1.2721,                 1.1052,                 1.4855,                0.74305,                0.80733,                0.83182,                0.55146,                 1.1484,                0.89699,                 1.4595,                 1.1467,                0.91813,                 1.3202,              0.0012097,              0.0012097,              0.0012097
                     34,                 1.2747,                0.96604,                 1.5359,                 1.2964,                  1.114,                  1.494,                0.72909,                0.81739,                0.84123,                0.57811,                 1.1462,                0.91815,                  1.454,                 1.1365,                0.92421,                 1.3105,              0.0012026,              0.0012026,              0.0012026
                     35,                 1.2315,                0.93857,                 1.5124,                 1.2573,                 1.0599,                 1.4731,                0.73174,                0.81296,                0.84594,                0.57583,                 1.1402,                0.91164,                 1.4796,                 1.1383,                0.92055,                 1.3149,              0.0011956,              0.0011956,              0.0011956
                     36,                 1.2367,                0.95276,                 1.5183,                 1.2663,                 1.0752,                 1.4767,                0.68498,                0.76195,                0.79846,                 0.5182,                   1.16,                0.90097,                 1.4615,                 1.1818,                0.92536,                 1.3396,              0.0011885,              0.0011885,              0.0011885
                     37,                 1.2285,                0.93886,                 1.5005,                 1.2598,                   1.06,                  1.465,                0.73528,                0.78989,                0.82058,                0.53415,                 1.1584,                0.90024,                 1.4862,                 1.1848,                0.91809,                 1.3435,              0.0011814,              0.0011814,              0.0011814
                     38,                 1.2371,                0.93434,                 1.5114,                 1.2705,                 1.0598,                 1.4718,                0.76364,                0.80979,                0.86369,                0.58585,                   1.15,                0.86818,                 1.4399,                 1.1599,                0.86559,                 1.3093,              0.0011744,              0.0011744,              0.0011744
                     39,                 1.2289,                0.92818,                 1.5049,                 1.2493,                 1.0335,                 1.4626,                0.76136,                0.83198,                0.86325,                0.59113,                 1.1455,                0.86024,                 1.4197,                 1.1724,                0.88542,                  1.303,              0.0011673,              0.0011673,              0.0011673
                     40,                 1.2306,                  0.905,                  1.499,                 1.2499,                 1.0233,                 1.4532,                0.79588,                0.73324,                0.82185,                0.52957,                 1.1793,                0.90872,                 1.4342,                 1.1987,                0.90959,                 1.3206,              0.0011602,              0.0011602,              0.0011602
                     41,                 1.2202,                0.93308,                 1.4939,                 1.2497,                 1.0341,                 1.4567,                0.76371,                 0.8381,                 0.8748,                0.59441,                 1.1038,                0.83077,                 1.4146,                 1.1351,                0.83036,                  1.298,              0.0011531,              0.0011531,              0.0011531
                     42,                 1.1821,                0.89931,                 1.4602,                 1.2142,                 1.0205,                 1.4238,                 0.8311,                0.78888,                0.88024,                0.60694,                 1.0795,                 0.8202,                 1.3733,                 1.1077,                0.79642,                 1.2647,              0.0011461,              0.0011461,              0.0011461
                     43,                 1.1861,                0.89249,                 1.4647,                 1.2214,                0.99787,                 1.4321,                0.72786,                0.78716,                0.82473,                0.56137,                 1.0978,                0.87291,                 1.4094,                 1.1146,                0.88589,                 1.2845,               0.001139,               0.001139,               0.001139
                     44,                 1.2251,                0.93881,                 1.4992,                 1.2517,                 1.0537,                 1.4624,                0.83531,                0.77063,                0.87883,                  0.597,                 1.1309,                0.82081,                 1.3927,                 1.1657,                 0.7789,                 1.2917,              0.0011319,              0.0011319,              0.0011319
                     45,                 1.1937,                 0.8922,                 1.4653,                  1.227,                0.98927,                 1.4358,                  0.801,                0.79226,                0.86296,                0.59071,                 1.1201,                0.81654,                 1.3777,                 1.1322,                0.80631,                 1.2731,              0.0011248,              0.0011248,              0.0011248
                     46,                 1.1798,                0.89681,                 1.4541,                 1.2123,                 1.0082,                  1.428,                 0.8524,                0.83165,                0.88775,                0.61711,                 1.0862,                0.80868,                 1.3861,                 1.1147,                0.77578,                 1.2663,              0.0011178,              0.0011178,              0.0011178
                     47,                 1.1857,                0.88969,                 1.4638,                 1.2274,                0.99146,                 1.4344,                0.73463,                0.77604,                0.81301,                0.55067,                 1.1012,                 0.8382,                 1.3933,                 1.1202,                0.83501,                 1.2792,              0.0011107,              0.0011107,              0.0011107
                     48,                 1.1703,                0.89029,                 1.4523,                 1.2114,                0.98797,                 1.4281,                0.53882,                0.62485,                0.57189,                0.34055,                 1.2103,                 1.1205,                 1.5422,                 1.2268,                 1.1518,                 1.3861,              0.0011036,              0.0011036,              0.0011036
                     49,                 1.1759,                0.90182,                 1.4542,                 1.2051,                0.99843,                  1.424,                0.80248,                 0.8308,                0.86885,                0.60581,                 1.0959,                0.83931,                  1.374,                 1.1276,                0.80307,                 1.2663,              0.0010965,              0.0010965,              0.0010965
                     50,                 1.1596,                0.87086,                 1.4488,                 1.1963,                0.97038,                 1.4187,                0.82021,                 0.8106,                0.87666,                0.60531,                 1.0864,                0.80419,                 1.4042,                  1.121,                0.79731,                 1.2764,              0.0010895,              0.0010895,              0.0010895
                     51,                 1.1616,                0.86234,                 1.4426,                 1.1968,                0.96416,                 1.4147,                0.79765,                0.83602,                0.88566,                0.61585,                 1.1186,                0.81632,                 1.3967,                 1.1322,                0.78302,                 1.2765,              0.0010824,              0.0010824,              0.0010824
                     52,                 1.1808,                0.87911,                 1.4566,                 1.2171,                0.97262,                 1.4338,                0.82234,                0.83511,                0.88631,                0.61078,                 1.0797,                0.82092,                  1.371,                 1.1134,                0.80155,                 1.2596,              0.0010753,              0.0010753,              0.0010753
                     53,                 1.1667,                0.87422,                  1.443,                 1.2086,                0.96698,                 1.4178,                0.82952,                0.82745,                0.88119,                0.61074,                  1.072,                0.79089,                 1.3826,                 1.1018,                0.77145,                 1.2698,              0.0010682,              0.0010682,              0.0010682
                     54,                 1.1562,                0.87523,                 1.4378,                 1.1913,                0.96244,                 1.4143,                0.80844,                0.85056,                0.89205,                0.61353,                 1.0632,                0.78349,                 1.3684,                 1.1021,                0.76084,                 1.2509,              0.0010612,              0.0010612,              0.0010612
                     55,                 1.1508,                0.87426,                 1.4279,                 1.1901,                0.95742,                 1.4091,                0.80561,                0.83262,                0.88045,                0.61766,                 1.0694,                0.79947,                 1.3701,                 1.0888,                0.80707,                 1.2543,              0.0010541,              0.0010541,              0.0010541
                     56,                 1.1607,                0.86083,                 1.4452,                 1.1919,                0.93878,                 1.4193,                0.75681,                0.86643,                0.87938,                0.59925,                 1.0794,                0.78625,                 1.3584,                 1.1145,                0.79628,                 1.2551,               0.001047,               0.001047,               0.001047
                     57,                 1.1755,                0.87228,                 1.4531,                 1.2093,                0.96351,                 1.4238,                0.78946,                0.86837,                0.88189,                0.61696,                 1.0788,                 0.7942,                 1.3831,                 1.1097,                 0.7584,                 1.2673,                0.00104,                0.00104,                0.00104
                     58,                 1.1513,                0.86831,                 1.4212,                  1.183,                 0.9509,                 1.3994,                0.83853,                0.81645,                 0.8894,                0.62744,                 1.0661,                0.76472,                 1.3431,                 1.0854,                0.73326,                 1.2399,              0.0010329,              0.0010329,              0.0010329
                     59,                 1.1269,                0.85408,                 1.4145,                  1.155,                0.93591,                 1.3857,                0.81411,                 0.8303,                0.88391,                0.61327,                  1.085,                  0.763,                 1.3474,                 1.1318,                0.74057,                 1.2612,              0.0010258,              0.0010258,              0.0010258
                     60,                 1.1565,                0.85514,                 1.4289,                 1.1983,                0.93616,                 1.4103,                0.71416,                0.74485,                0.79522,                0.52971,                 1.0968,                0.86629,                 1.3906,                 1.1223,                0.84667,                 1.2818,              0.0010187,              0.0010187,              0.0010187
                     61,                 1.1491,                0.82238,                 1.4179,                 1.1861,                 0.9079,                 1.3986,                 0.8116,                0.87245,                0.89547,                0.62911,                 1.0855,                 0.7488,                 1.3502,                 1.0977,                0.74144,                 1.2449,              0.0010117,              0.0010117,              0.0010117
                     62,                 1.1453,                0.84346,                 1.4222,                  1.187,                  0.922,                 1.4083,                0.80041,                0.84583,                0.88391,                0.61939,                 1.0613,                0.75473,                 1.3585,                  1.088,                 0.7365,                 1.2587,              0.0010046,              0.0010046,              0.0010046
                     63,                 1.1316,                0.82445,                 1.3993,                 1.1702,                0.89761,                 1.3854,                0.82218,                0.85296,                0.88729,                0.61851,                 1.0554,                0.76601,                 1.3307,                 1.0885,                0.74679,                 1.2425,             0.00099751,             0.00099751,             0.00099751
                     64,                 1.1449,                0.82863,                 1.4196,                 1.1785,                0.91037,                 1.4034,                0.80892,                0.79815,                0.87425,                0.61566,                 1.0455,                0.81158,                 1.3443,                 1.0759,                0.80395,                 1.2457,             0.00099044,             0.00099044,             0.00099044
                     65,                 1.1208,                0.83263,                 1.3905,                 1.1578,                0.91737,                 1.3772,                0.84472,                0.85531,                0.89438,                0.63562,                 1.0529,                0.75517,                  1.342,                 1.0676,                0.72572,                 1.2358,             0.00098337,             0.00098337,             0.00098337
                     66,                 1.1234,                0.83071,                 1.4104,                 1.1606,                0.90591,                 1.3897,                0.82637,                0.83468,                0.88968,                0.63272,                 1.0604,                0.80462,                 1.3355,                 1.0921,                0.74618,                 1.2399,             0.00097629,             0.00097629,             0.00097629
                     67,                 1.1085,                0.82538,                 1.3873,                  1.149,                0.90002,                 1.3715,                0.81056,                0.85693,                0.89516,                0.63395,                  1.047,                0.72592,                 1.3316,                   1.07,                0.69136,                 1.2351,             0.00096922,             0.00096922,             0.00096922
                     68,                 1.1143,                 0.8206,                 1.3939,                 1.1572,                0.88934,                 1.3794,                0.82579,                0.82674,                0.88455,                0.62957,                 1.0375,                0.75463,                  1.302,                 1.0681,                0.72956,                 1.2255,             0.00096215,             0.00096215,             0.00096215
                     69,                 1.1164,                0.81046,                 1.3907,                 1.1599,                0.87985,                 1.3775,                0.78523,                0.85561,                0.89136,                0.63027,                 1.0517,                0.75343,                 1.3354,                 1.0827,                0.73532,                 1.2367,             0.00095507,             0.00095507,             0.00095507
                     70,                 1.1279,                0.85202,                  1.413,                 1.1685,                0.91348,                 1.3925,                0.87444,                0.82152,                0.90447,                0.63766,                 1.0325,                 0.7421,                 1.3387,                 1.0659,                 0.7165,                 1.2406,               0.000948,               0.000948,               0.000948
                     71,                 1.0983,                0.82247,                 1.3878,                 1.1333,                0.87687,                 1.3664,                0.81454,                0.83036,                0.88987,                0.62622,                  1.064,                0.74002,                 1.3648,                 1.0809,                0.71436,                 1.2551,             0.00094093,             0.00094093,             0.00094093
                     72,                 1.1188,                0.80527,                 1.3978,                 1.1567,                0.86662,                 1.3759,                0.80088,                0.86737,                 0.8946,                0.62122,                 1.0506,                0.79884,                  1.349,                 1.0731,                0.77724,                 1.2392,             0.00093385,             0.00093385,             0.00093385
                     73,                 1.1096,                0.81801,                 1.3915,                 1.1556,                0.87615,                 1.3743,                0.80296,                0.82628,                0.88029,                0.60603,                 1.0672,                0.76673,                 1.3577,                 1.1023,                0.72448,                 1.2438,             0.00092678,             0.00092678,             0.00092678
                     74,                 1.1191,                0.81506,                 1.3983,                 1.1582,                0.87598,                  1.381,                0.85953,                0.82591,                 0.8985,                 0.6432,                 1.0235,                0.74048,                 1.3203,                 1.0486,                0.71048,                 1.2206,              0.0009197,              0.0009197,              0.0009197
                     75,                 1.1184,                0.81447,                 1.3928,                 1.1583,                0.87233,                 1.3733,                 0.8359,                0.85811,                0.90655,                 0.6391,                 1.0605,                0.72049,                 1.3469,                 1.0772,                0.68883,                  1.253,             0.00091263,             0.00091263,             0.00091263
                     76,                 1.1022,                0.80738,                 1.3791,                 1.1433,                0.86259,                 1.3664,                0.84155,                0.84893,                0.90315,                0.64786,                 1.0203,                0.72819,                 1.3151,                 1.0366,                0.69385,                 1.2195,             0.00090556,             0.00090556,             0.00090556
                     77,                 1.0883,                 0.7879,                 1.3826,                 1.1267,                  0.843,                 1.3655,                0.80596,                0.86762,                0.90231,                0.64622,                  1.029,                0.70851,                 1.3258,                 1.0532,                0.67976,                 1.2231,             0.00089848,             0.00089848,             0.00089848
                     78,                 1.0965,                0.79147,                 1.3695,                 1.1338,                0.84829,                 1.3544,                 0.8241,                0.86955,                0.89962,                0.64052,                 1.0246,                0.70975,                 1.3172,                  1.042,                0.69129,                 1.2229,             0.00089141,             0.00089141,             0.00089141
                     79,                 1.1037,                0.80926,                 1.3839,                 1.1378,                0.86789,                 1.3684,                0.84368,                0.85035,                0.90407,                0.65086,                 1.0224,                0.71537,                 1.3068,                 1.0364,                0.67809,                 1.2132,             0.00088434,             0.00088434,             0.00088434
                     80,                 1.1072,                0.81695,                 1.3946,                 1.1415,                0.87619,                 1.3741,                0.84311,                 0.8727,                0.90492,                0.65126,                 1.0111,                0.71637,                 1.3097,                 1.0381,                 0.6876,                 1.2163,             0.00087726,             0.00087726,             0.00087726
                     81,                 1.0959,                0.79213,                 1.3682,                 1.1322,                0.85486,                 1.3541,                0.81662,                0.86946,                 0.9011,                0.64084,                 1.0256,                 0.7188,                 1.3049,                 1.0344,                 0.6964,                 1.2148,             0.00087019,             0.00087019,             0.00087019
                     82,                 1.1085,                0.79887,                 1.3863,                  1.151,                0.85123,                 1.3736,                0.82579,                0.85433,                0.89777,                0.64288,                 1.0594,                  0.721,                 1.3014,                 1.0775,                0.67859,                 1.2143,             0.00086312,             0.00086312,             0.00086312
                     83,                 1.1187,                0.80521,                 1.3921,                 1.1628,                0.85237,                 1.3805,                0.84694,                0.83886,                 0.9062,                0.64191,                 1.0414,                 0.7241,                 1.3127,                 1.0674,                0.69803,                 1.2227,             0.00085604,             0.00085604,             0.00085604
                     84,                 1.0825,                 0.7855,                 1.3707,                 1.1211,                0.85054,                 1.3571,                0.86131,                 0.8731,                0.90949,                0.65783,                 1.0351,                0.68861,                 1.3099,                 1.0548,                  0.645,                 1.2138,             0.00084897,             0.00084897,             0.00084897
                     85,                 1.0957,                0.78489,                 1.3825,                 1.1358,                0.85003,                  1.365,                0.86906,                0.82867,                0.90801,                0.65914,                 1.0363,                0.70334,                  1.271,                 1.0683,                0.65644,                 1.2059,              0.0008419,              0.0008419,              0.0008419
                     86,                 1.0736,                0.77624,                 1.3563,                 1.1158,                0.82944,                 1.3461,                0.87164,                0.82152,                0.90828,                0.66139,                 1.0191,                0.71332,                 1.3065,                 1.0398,                0.68405,                 1.2098,             0.00083482,             0.00083482,             0.00083482
                     87,                 1.1009,                0.78375,                 1.3793,                 1.1342,                0.83336,                  1.361,                0.81608,                0.84736,                0.90075,                0.63925,                 1.0496,                0.77095,                 1.3018,                  1.092,                0.73353,                 1.2323,             0.00082775,             0.00082775,             0.00082775
                     88,                 1.1043,                0.80786,                 1.3898,                 1.1439,                0.86216,                  1.375,                0.80856,                0.86592,                0.90116,                0.65304,                 1.0252,                0.72386,                 1.2978,                 1.0512,                0.68373,                  1.212,             0.00082067,             0.00082067,             0.00082067
                     89,                 1.0797,                0.78606,                 1.3652,                 1.1223,                0.83923,                 1.3568,                0.77062,                0.82147,                0.87843,                0.59574,                 1.0647,                0.77161,                 1.3537,                 1.0767,                0.73761,                 1.2353,              0.0008136,              0.0008136,              0.0008136
                     90,                  1.097,                0.78459,                 1.3715,                 1.1377,                0.84002,                 1.3615,                0.84897,                0.86119,                0.91987,                0.66561,                 1.0051,                0.67579,                   1.28,                 1.0176,                0.63834,                 1.1986,             0.00080653,             0.00080653,             0.00080653
                     91,                 1.0947,                0.78516,                 1.3702,                 1.1376,                0.83306,                 1.3637,                0.88411,                 0.8286,                 0.9154,                0.64443,                 1.0549,                0.69888,                 1.2858,                 1.0842,                0.65518,                 1.2143,             0.00079945,             0.00079945,             0.00079945
                     92,                 1.0717,                0.76066,                   1.35,                 1.1204,                0.81074,                 1.3412,                0.88182,                 0.8394,                 0.9196,                 0.6572,                 1.0258,                0.67535,                 1.2754,                 1.0361,                0.62116,                 1.1986,             0.00079238,             0.00079238,             0.00079238
                     93,                 1.0676,                0.76995,                 1.3459,                 1.1084,                0.82137,                 1.3399,                0.84178,                0.82536,                0.90658,                0.65063,                 1.0052,                0.70881,                 1.2918,                 1.0261,                0.68293,                 1.2051,             0.00078531,             0.00078531,             0.00078531
                     94,                 1.0764,                0.76876,                 1.3718,                 1.1172,                0.81465,                 1.3646,                0.85844,                 0.8617,                0.91048,                 0.6452,                 1.0208,                0.70042,                 1.3197,                 1.0351,                0.67438,                 1.2247,             0.00077823,             0.00077823,             0.00077823
                     95,                  1.079,                0.76758,                 1.3676,                 1.1125,                0.81474,                  1.353,                0.84833,                0.86367,                0.91629,                 0.6489,                 1.0463,                0.68127,                  1.328,                 1.0679,                0.63492,                 1.2377,             0.00077116,             0.00077116,             0.00077116
                     96,                 1.0795,                0.77206,                 1.3561,                 1.1163,                0.82245,                 1.3455,                0.83369,                 0.8675,                0.91177,                0.65456,                 1.0718,                0.71891,                 1.2912,                 1.1165,                0.69754,                 1.2314,             0.00076409,             0.00076409,             0.00076409
                     97,                  1.062,                0.77934,                 1.3476,                 1.0988,                0.82475,                 1.3387,                0.87656,                0.83692,                0.91929,                0.66469,                0.98799,                0.65715,                 1.2562,                0.99918,                0.62588,                 1.1712,             0.00075701,             0.00075701,             0.00075701
                     98,                 1.0553,                0.76293,                 1.3415,                 1.0937,                0.81274,                 1.3307,                0.86737,                0.85601,                 0.9213,                0.65905,                 1.0087,                0.65696,                  1.282,                 1.0326,                0.61362,                    1.2,             0.00074994,             0.00074994,             0.00074994
                     99,                 1.0697,                0.76497,                 1.3515,                 1.1098,                0.80388,                 1.3449,                0.84839,                0.87845,                0.92317,                0.66621,                0.98971,                0.66503,                 1.2841,                 1.0176,                0.62051,                 1.1999,             0.00074287,             0.00074287,             0.00074287
                    100,                 1.0723,                0.76197,                  1.356,                 1.1138,                0.81214,                 1.3505,                 0.8607,                  0.872,                0.92102,                0.66724,                 1.0112,                0.66308,                 1.2652,                 1.0197,                0.62853,                 1.1878,             0.00073579,             0.00073579,             0.00073579
                    101,                  1.057,                0.74933,                  1.343,                  1.095,                0.78585,                 1.3319,                0.85403,                0.88774,                0.92066,                0.67236,                0.97935,                0.64813,                 1.2625,                0.99239,                0.61206,                 1.1797,             0.00072872,             0.00072872,             0.00072872
                    102,                 1.0644,                0.75925,                 1.3506,                 1.1029,                0.80109,                 1.3413,                0.87398,                0.85437,                0.91402,                0.65908,                0.99643,                0.66847,                 1.2947,                 1.0145,                0.63855,                 1.2152,             0.00072164,             0.00072164,             0.00072164
                    103,                 1.0629,                0.76948,                 1.3483,                 1.1081,                0.82015,                 1.3429,                 0.8336,                 0.8444,                0.91704,                0.65666,                 1.0066,                0.67869,                  1.277,                 1.0309,                0.64351,                 1.2037,             0.00071457,             0.00071457,             0.00071457
                    104,                 1.0533,                0.75222,                  1.345,                 1.0909,                0.79795,                 1.3378,                0.86359,                0.89998,                 0.9311,                0.68326,                0.98397,                0.65159,                  1.252,                 1.0073,                0.60648,                 1.1797,              0.0007075,              0.0007075,              0.0007075
                    105,                 1.0613,                0.75474,                 1.3424,                 1.1007,                0.79399,                 1.3341,                 0.8407,                0.87688,                 0.9229,                 0.6806,                0.97635,                0.63983,                 1.2563,                0.99733,                0.58869,                 1.1779,             0.00070042,             0.00070042,             0.00070042
                    106,                  1.048,                0.75826,                 1.3396,                 1.0876,                0.80295,                 1.3323,                0.84655,                0.88276,                0.91842,                0.66231,                 1.0278,                0.66755,                 1.2718,                  1.062,                0.63148,                 1.2177,             0.00069335,             0.00069335,             0.00069335
                    107,                 1.0636,                0.76437,                 1.3457,                 1.1002,                0.80997,                 1.3298,                0.86306,                0.80795,                0.90673,                0.65576,                0.99968,                0.66919,                 1.2884,                 1.0128,                0.64743,                 1.1958,             0.00068628,             0.00068628,             0.00068628
                    108,                 1.0535,                0.75805,                 1.3494,                 1.0937,                0.80417,                 1.3377,                0.85445,                0.86103,                0.92373,                0.65361,                 1.0059,                0.66692,                 1.3019,                 1.0175,                0.63897,                 1.2106,              0.0006792,              0.0006792,              0.0006792
                    109,                 1.0551,                0.75868,                 1.3443,                 1.0964,                0.80064,                 1.3328,                 0.8801,                0.84549,                  0.918,                0.65886,                0.98739,                0.69183,                 1.2665,                 1.0067,                0.64775,                 1.1761,             0.00067213,             0.00067213,             0.00067213
                    110,                 1.0731,                0.76835,                 1.3488,                 1.1121,                0.80976,                  1.333,                0.85029,                 0.8879,                0.92793,                0.67515,                0.96625,                0.64516,                 1.2549,                0.98505,                0.59254,                 1.1671,             0.00066506,             0.00066506,             0.00066506
                    111,                 1.0556,                0.73804,                 1.3386,                 1.0979,                0.77262,                 1.3273,                0.87727,                0.88017,                0.92642,                0.67082,                0.96659,                 0.6729,                 1.2595,                0.99263,                0.64073,                 1.1777,             0.00065798,             0.00065798,             0.00065798
                    112,                 1.0497,                0.74443,                 1.3446,                 1.0885,                0.78862,                 1.3307,                0.88805,                0.82558,                0.92809,                0.67494,                0.96742,                0.63998,                 1.2487,                0.98685,                0.61302,                  1.173,             0.00065091,             0.00065091,             0.00065091
                    113,                 1.0454,                0.74953,                 1.3351,                 1.0907,                0.79394,                 1.3221,                0.82595,                0.86068,                0.90809,                0.65996,                0.99502,                0.68881,                 1.2777,                 1.0176,                0.65842,                 1.1867,             0.00064384,             0.00064384,             0.00064384
                    114,                 1.0451,                0.75573,                 1.3533,                 1.0837,                0.79924,                  1.341,                0.84805,                0.87157,                0.92084,                0.68107,                 0.9583,                0.63993,                 1.2448,                0.97295,                0.60785,                 1.1623,             0.00063676,             0.00063676,             0.00063676
                    115,                 1.0506,                0.75969,                  1.342,                 1.0899,                0.79964,                 1.3315,                0.87625,                0.86004,                0.92654,                0.67524,                 1.0207,                0.65316,                 1.2581,                 1.0562,                0.61074,                  1.188,             0.00062969,             0.00062969,             0.00062969
                    116,                 1.0356,                0.73416,                 1.3277,                 1.0768,                0.76989,                  1.316,                0.83314,                 0.8757,                 0.9183,                 0.6655,                 0.9845,                0.64463,                 1.2468,                 1.0009,                0.61566,                 1.1628,             0.00062262,             0.00062262,             0.00062262
                    117,                 1.0439,                 0.7343,                 1.3301,                 1.0906,                0.77061,                  1.323,                0.82682,                0.85323,                0.90979,                0.65917,                0.99882,                0.67065,                  1.242,                 1.0242,                0.64478,                  1.173,             0.00061554,             0.00061554,             0.00061554
                    118,                 1.0287,                 0.7351,                 1.3257,                 1.0673,                0.77187,                 1.3167,                0.84834,                0.86018,                0.92114,                0.66742,                0.99031,                0.65737,                 1.2413,                 1.0115,                0.62889,                 1.1706,             0.00060847,             0.00060847,             0.00060847
                    119,                 1.0452,                0.73549,                 1.3365,                 1.0852,                0.78127,                  1.331,                0.85253,                0.85843,                0.91986,                0.67346,                0.97616,                0.63432,                 1.2258,                 0.9967,                0.59109,                 1.1675,             0.00060139,             0.00060139,             0.00060139
                    120,                  1.038,                0.72513,                 1.3289,                 1.0791,                0.75893,                 1.3208,                0.88139,                0.84274,                0.92845,                0.68223,                0.96414,                0.63712,                   1.25,                0.98837,                0.60571,                 1.1768,             0.00059432,             0.00059432,             0.00059432
                    121,                 1.0273,                0.72946,                 1.3238,                  1.067,                0.77088,                 1.3193,                 0.8443,                0.88727,                0.93123,                0.67971,                0.95573,                0.62203,                  1.235,                0.97179,                0.59571,                 1.1617,             0.00058725,             0.00058725,             0.00058725
                    122,                  1.037,                 0.7294,                 1.3235,                 1.0767,                0.75974,                 1.3186,                0.87476,                 0.8618,                0.93338,                0.68348,                0.96089,                0.61885,                  1.214,                0.97974,                0.58071,                 1.1561,             0.00058017,             0.00058017,             0.00058017
                    123,                 1.0226,                0.73197,                 1.3254,                 1.0671,                0.76973,                 1.3228,                0.87091,                0.86781,                0.93077,                0.68532,                0.95533,                 0.6303,                 1.2151,                0.97583,                0.58451,                 1.1546,              0.0005731,              0.0005731,              0.0005731
                    124,                 1.0449,                  0.726,                 1.3214,                 1.0867,                 0.7677,                 1.3215,                0.90641,                0.83973,                0.92691,                0.65187,                 1.0056,                0.63569,                  1.239,                 1.0458,                0.60096,                 1.1873,             0.00056603,             0.00056603,             0.00056603
                    125,                 1.0269,                0.72115,                 1.3226,                 1.0715,                0.75623,                 1.3209,                 0.8555,                0.87146,                0.92647,                0.67737,                0.96772,                 0.6282,                 1.2266,                0.99125,                0.58213,                 1.1637,             0.00055895,             0.00055895,             0.00055895
                    126,                 1.0276,                0.72299,                 1.3288,                 1.0666,                0.76512,                 1.3219,                0.86539,                0.87404,                0.92941,                0.67826,                0.95778,                0.61381,                   1.23,                0.98006,                0.57918,                 1.1589,             0.00055188,             0.00055188,             0.00055188
                    127,                 1.0231,                  0.724,                 1.3186,                 1.0622,                0.76386,                 1.3172,                0.87756,                0.84239,                0.92712,                0.67998,                0.95417,                0.61286,                 1.2288,                 0.9713,                0.58541,                 1.1574,             0.00054481,             0.00054481,             0.00054481
                    128,                 1.0268,                0.71594,                 1.3189,                 1.0711,                0.75639,                 1.3163,                0.88808,                0.86957,                0.93527,                0.67851,                 1.0154,                0.63385,                 1.2457,                 1.0388,                0.58091,                 1.1812,             0.00053773,             0.00053773,             0.00053773
                    129,                 1.0195,                0.71537,                 1.3085,                 1.0641,                0.75653,                 1.3097,                0.86458,                0.87143,                0.92638,                 0.6611,                0.97106,                 0.6194,                 1.2145,                0.98965,                 0.5872,                 1.1527,             0.00053066,             0.00053066,             0.00053066
                    130,                 1.0171,                0.71757,                 1.3123,                 1.0518,                 0.7514,                 1.3078,                0.87762,                0.82649,                0.91605,                0.65154,                  1.008,                0.65667,                  1.251,                  1.037,                0.63073,                 1.1897,             0.00052359,             0.00052359,             0.00052359
                    131,                 1.0319,                0.71497,                 1.3213,                 1.0749,                0.74899,                 1.3229,                0.90337,                0.87781,                0.94147,                0.69062,                0.96106,                 0.6119,                 1.2168,                0.97161,                0.57154,                 1.1575,             0.00051651,             0.00051651,             0.00051651
                    132,                 1.0203,                 0.7231,                  1.315,                 1.0642,                0.76195,                 1.3153,                0.86992,                0.86819,                0.93725,                0.68998,                0.95136,                0.60802,                 1.2182,                0.96647,                0.56861,                 1.1584,             0.00050944,             0.00050944,             0.00050944
                    133,                 1.0144,                0.70584,                 1.3026,                  1.053,                0.73818,                 1.3018,                 0.8239,                0.88205,                 0.9214,                 0.6707,                0.96263,                0.63198,                 1.2351,                0.98637,                0.59947,                 1.1759,             0.00050236,             0.00050236,             0.00050236
                    134,                 1.0357,                0.72167,                 1.3326,                 1.0699,                0.75455,                 1.3264,                0.88148,                0.86617,                0.93418,                0.69107,                0.93241,                0.61418,                 1.2189,                0.94663,                0.57162,                 1.1515,             0.00049529,             0.00049529,             0.00049529
                    135,                 1.0333,                0.73955,                 1.3222,                  1.071,                0.77745,                  1.321,                0.89275,                0.86404,                0.93623,                0.68844,                0.94506,                0.60917,                 1.2098,                0.96517,                0.56855,                 1.1482,             0.00048822,             0.00048822,             0.00048822
                    136,                 1.0148,                0.71611,                 1.3118,                 1.0552,                 0.7456,                 1.3082,                0.87682,                0.87013,                0.93669,                0.68723,                0.94763,                0.61552,                 1.2065,                0.96495,                0.57068,                  1.143,             0.00048114,             0.00048114,             0.00048114
                    137,                  1.011,                0.71477,                 1.2999,                 1.0575,                0.75617,                 1.3015,                0.87011,                0.84851,                0.93013,                0.68249,                0.93889,                0.60922,                 1.1993,                0.96211,                0.56833,                 1.1481,             0.00047407,             0.00047407,             0.00047407
                    138,                 1.0191,                0.72109,                 1.3186,                 1.0608,                0.75842,                  1.317,                0.87513,                0.89965,                0.94028,                0.69359,                0.93607,                0.60632,                 1.2083,                0.95637,                0.56532,                 1.1434,               0.000467,               0.000467,               0.000467
                    139,                 1.0216,                0.70082,                 1.3132,                 1.0594,                0.73589,                 1.3114,                 0.8444,                0.88063,                0.92472,                0.68274,                0.93973,                0.61109,                 1.2104,                0.95505,                0.56011,                 1.1497,             0.00045992,             0.00045992,             0.00045992
                    140,                  1.007,                0.71262,                 1.2985,                 1.0486,                0.74434,                 1.2944,                0.90041,                0.86875,                0.93773,                0.68884,                  0.934,                0.60682,                 1.2068,                0.95683,                0.56625,                 1.1474,             0.00045285,             0.00045285,             0.00045285
                    141,                 1.0204,                0.71482,                 1.3037,                 1.0652,                0.75246,                    1.3,                0.87554,                0.89024,                0.93847,                0.69437,                0.93964,                0.59244,                 1.1937,                 0.9604,                0.54379,                 1.1414,             0.00044578,             0.00044578,             0.00044578
                    142,                  1.008,                0.71318,                  1.303,                 1.0475,                0.75244,                 1.3002,                  0.891,                 0.8765,                0.94348,                0.70107,                  0.929,                0.60077,                 1.1987,                0.94385,                0.56091,                 1.1411,              0.0004387,              0.0004387,              0.0004387
                    143,                 1.0161,                0.70121,                 1.3067,                 1.0574,                0.72798,                 1.3028,                0.89716,                0.86506,                0.94712,                  0.705,                0.91697,                 0.5889,                 1.1905,                0.93292,                 0.5412,                 1.1399,             0.00043163,             0.00043163,             0.00043163
                    144,                 1.0081,                0.70722,                 1.3043,                 1.0445,                0.73556,                  1.301,                0.85956,                0.88807,                0.92854,                0.68865,                0.93656,                0.62004,                 1.1978,                0.95262,                0.58852,                 1.1347,             0.00042456,             0.00042456,             0.00042456
                    145,                 1.0125,                0.71462,                 1.3062,                 1.0504,                0.74641,                 1.3035,                0.89838,                0.87874,                0.94579,                0.70436,                0.91723,                0.57754,                  1.189,                0.93611,                0.52861,                 1.1348,             0.00041748,             0.00041748,             0.00041748
                    146,                 1.0068,                0.70076,                 1.2955,                 1.0417,                0.73449,                 1.2911,                0.87848,                0.86064,                0.93946,                0.69999,                0.91751,                0.58906,                 1.1864,                0.93429,                0.55243,                 1.1292,             0.00041041,             0.00041041,             0.00041041
                    147,                 1.0035,                0.70362,                 1.2974,                 1.0457,                0.73962,                 1.2952,                0.89769,                0.89915,                 0.9449,                 0.7029,                0.92374,                0.60066,                 1.1992,                 0.9404,                0.55396,                 1.1421,             0.00040334,             0.00040334,             0.00040334
                    148,                 1.0013,                0.68716,                 1.2814,                 1.0428,                0.71785,                 1.2825,                0.88927,                0.88637,                0.93855,                0.70175,                0.92413,                0.59424,                 1.1773,                0.94035,                0.55996,                 1.1291,             0.00039626,             0.00039626,             0.00039626
                    149,                 1.0023,                 0.6962,                 1.2864,                 1.0467,                0.72694,                  1.287,                0.87437,                0.90996,                  0.945,                0.70111,                0.91708,                0.57316,                 1.1836,                0.93055,                0.52807,                 1.1305,             0.00038919,             0.00038919,             0.00038919
                    150,                 1.0033,                0.70653,                 1.3037,                 1.0412,                0.73592,                 1.2987,                0.87148,                 0.8732,                0.93485,                0.70148,                0.91731,                0.59583,                 1.1869,                0.93739,                0.55164,                 1.1293,             0.00038211,             0.00038211,             0.00038211
                    151,                 1.0107,                0.70108,                 1.2974,                 1.0456,                0.73822,                  1.294,                0.87357,                0.88337,                0.94036,                0.69864,                0.95035,                0.58954,                 1.1952,                0.97862,                0.53297,                 1.1489,             0.00037504,             0.00037504,             0.00037504
                    152,                0.99336,                0.69665,                 1.3017,                 1.0282,                0.73275,                 1.3012,                0.89892,                 0.8576,                0.93707,                0.69983,                0.90746,                0.57582,                 1.1804,                0.92721,                0.53316,                 1.1271,             0.00036797,             0.00036797,             0.00036797
                    153,                 0.9968,                0.68106,                 1.2871,                 1.0382,                0.70824,                 1.2853,                0.89848,                0.83792,                0.93626,                0.69413,                0.92175,                0.59448,                 1.1994,                0.94459,                0.55205,                 1.1498,             0.00036089,             0.00036089,             0.00036089
                    154,                 1.0056,                0.69597,                 1.2981,                 1.0451,                 0.7304,                 1.2984,                0.90973,                0.86681,                0.94535,                0.70363,                0.90975,                0.57545,                 1.1832,                0.93093,                0.52457,                 1.1315,             0.00035382,             0.00035382,             0.00035382
                    155,                  1.002,                0.70429,                 1.2969,                 1.0432,                0.73142,                 1.2978,                0.91496,                0.85229,                0.94854,                0.70995,                0.90095,                0.56944,                 1.1858,                0.92055,                0.52483,                 1.1348,             0.00034675,             0.00034675,             0.00034675
                    156,                0.98634,                0.68532,                 1.2917,                 1.0224,                0.70802,                 1.2896,                0.86267,                0.88824,                0.94332,                0.70222,                0.91287,                0.58505,                 1.1833,                0.92762,                0.54887,                 1.1323,             0.00033967,             0.00033967,             0.00033967
                    157,                0.98565,                0.68678,                 1.2858,                 1.0272,                0.72021,                 1.2873,                0.92789,                0.85097,                0.94711,                0.71203,                0.90175,                0.56096,                 1.1758,                0.92481,                0.51203,                  1.127,              0.0003326,              0.0003326,              0.0003326
                    158,                0.97934,                 0.6707,                 1.2833,                 1.0118,                0.70596,                 1.2797,                0.90246,                0.86093,                0.93866,                0.69584,                0.93947,                0.58625,                 1.1829,                0.96411,                0.53863,                 1.1372,             0.00032553,             0.00032553,             0.00032553
                    159,                 1.0175,                0.70736,                 1.3048,                  1.054,                0.73876,                    1.3,                0.84375,                0.90349,                0.94441,                 0.7041,                0.91356,                0.56918,                 1.1746,                0.93225,                0.52086,                 1.1269,             0.00031845,             0.00031845,             0.00031845
                    160,                 0.9839,                0.68732,                 1.2806,                 1.0198,                 0.7082,                 1.2788,                 0.8374,                 0.8827,                0.93053,                0.69923,                0.90581,                0.58253,                 1.1746,                0.92419,                0.54014,                 1.1246,             0.00031138,             0.00031138,             0.00031138
                    161,                0.98618,                0.67536,                 1.2859,                 1.0239,                0.70051,                 1.2847,                0.87145,                0.90508,                0.94559,                0.70888,                0.90041,                0.55988,                 1.1743,                0.91442,                0.51961,                  1.125,             0.00030431,             0.00030431,             0.00030431
                    162,                0.98623,                0.68868,                 1.2883,                 1.0216,                0.71095,                 1.2878,                0.92656,                0.86327,                 0.9503,                0.71259,                0.89833,                0.55484,                 1.1737,                0.91272,                0.50815,                 1.1139,             0.00029723,             0.00029723,             0.00029723
                    163,                0.96145,                0.66481,                 1.2712,                0.99483,                0.68154,                 1.2667,                0.90083,                0.89631,                0.95097,                 0.7145,                0.90215,                0.56225,                 1.1818,                0.92117,                0.51119,                 1.1256,             0.00029016,             0.00029016,             0.00029016
                    164,                0.98574,                0.67815,                 1.2768,                 1.0281,                0.70931,                  1.275,                0.88225,                0.87655,                0.93975,                0.70412,                0.92878,                0.57864,                  1.182,                0.95071,                0.53931,                 1.1333,             0.00028308,             0.00028308,             0.00028308
                    165,                0.98989,                0.69055,                 1.2883,                 1.0328,                 0.7176,                 1.2921,                0.88028,                0.89457,                0.94987,                0.71228,                0.90232,                0.55974,                  1.169,                0.92064,                0.52438,                 1.1237,             0.00027601,             0.00027601,             0.00027601
                    166,                0.98324,                0.67741,                 1.2717,                 1.0219,                 0.7022,                   1.27,                0.88457,                0.88658,                0.94689,                0.71662,                0.89029,                0.56597,                 1.1715,                 0.9107,                0.52387,                 1.1193,             0.00026894,             0.00026894,             0.00026894
                    167,                0.97268,                0.67096,                 1.2769,                  1.011,                0.69996,                 1.2743,                0.90583,                0.88988,                0.94951,                0.71647,                  0.891,                 0.5511,                  1.163,                 0.9077,                0.51291,                 1.1126,             0.00026186,             0.00026186,             0.00026186
                    168,                0.96779,                0.67147,                 1.2796,                 1.0069,                0.69549,                 1.2778,                0.87212,                0.90799,                0.94599,                0.71103,                0.90991,                0.55601,                 1.1762,                 0.9332,                0.51052,                 1.1259,             0.00025479,             0.00025479,             0.00025479
                    169,                0.97822,                0.67596,                 1.2824,                 1.0173,                0.69474,                 1.2773,                0.87643,                0.88905,                0.94984,                0.71272,                0.89518,                0.54707,                 1.1697,                0.91206,                0.50359,                 1.1169,             0.00024772,             0.00024772,             0.00024772
                    170,                0.97565,                0.67398,                 1.2727,                 1.0148,                0.70106,                 1.2745,                 0.8847,                0.86819,                0.94453,                0.71812,                0.88962,                0.54785,                 1.1744,                0.90648,                0.50382,                 1.1161,             0.00024064,             0.00024064,             0.00024064
                    171,                0.97882,                0.67651,                  1.285,                 1.0191,                0.70618,                 1.2851,                0.88832,                0.89786,                0.95124,                0.72124,                0.88226,                0.55317,                 1.1712,                0.89896,                0.50339,                 1.1147,             0.00023357,             0.00023357,             0.00023357
                    172,                0.98131,                 0.6802,                 1.2839,                 1.0225,                0.69924,                 1.2832,                0.87518,                0.91596,                0.94929,                0.71392,                0.90579,                0.54905,                 1.1649,                 0.9187,                0.50569,                 1.1197,              0.0002265,              0.0002265,              0.0002265
                    173,                0.97955,                0.66633,                 1.2744,                 1.0178,                0.70298,                 1.2758,                 0.8937,                0.87838,                0.94382,                0.71687,                0.87993,                0.54094,                 1.1616,                0.89636,                0.49992,                 1.1118,             0.00021942,             0.00021942,             0.00021942
                    174,                0.96525,                0.66785,                   1.27,                0.99849,                0.69181,                 1.2673,                0.91618,                0.86631,                0.95142,                0.71905,                0.88237,                0.55026,                 1.1798,                0.89616,                0.50775,                 1.1251,             0.00021235,             0.00021235,             0.00021235
                    175,                0.96395,                0.66605,                 1.2741,                 1.0057,                0.68176,                 1.2746,                0.83638,                0.94467,                0.94683,                0.71692,                0.88319,                0.53953,                  1.168,                0.89735,                0.50104,                 1.1155,             0.00020528,             0.00020528,             0.00020528
                    176,                0.98228,                0.66359,                 1.2791,                 1.0197,                0.69186,                 1.2771,                0.87032,                0.87936,                0.94306,                 0.7092,                0.89559,                0.55484,                 1.1614,                0.91757,                 0.5147,                 1.1117,              0.0001982,              0.0001982,              0.0001982
                    177,                0.96465,                0.66014,                 1.2732,                 1.0014,                0.69342,                 1.2714,                 0.9108,                0.87142,                0.95005,                0.72574,                 0.8751,                0.54022,                 1.1606,                 0.8918,                0.49398,                 1.1055,             0.00019113,             0.00019113,             0.00019113
                    178,                0.98008,                0.67677,                 1.2798,                 1.0182,                0.71212,                 1.2789,                0.88242,                0.89931,                0.94694,                0.71367,                 0.8933,                0.54272,                  1.162,                0.90577,                 0.4996,                 1.1117,             0.00018406,             0.00018406,             0.00018406
                    179,                0.95719,                0.66492,                  1.265,                0.99426,                0.69128,                 1.2668,                0.90236,                0.88616,                0.94773,                0.72044,                0.87823,                0.54141,                 1.1568,                0.89642,                 0.4989,                 1.1089,             0.00017698,             0.00017698,             0.00017698
                    180,                0.97503,                0.67746,                 1.2713,                 1.0186,                0.70409,                 1.2741,                0.85253,                0.92451,                0.94909,                0.72287,                 0.8728,                0.53961,                 1.1541,                0.88838,                0.49658,                 1.1057,             0.00016991,             0.00016991,             0.00016991
                    181,                0.96946,                0.66915,                 1.2681,                 1.0069,                0.69195,                 1.2649,                0.90316,                0.88717,                0.95499,                0.72894,                0.87613,                0.53263,                 1.1533,                0.89305,                0.48264,                 1.1112,             0.00016283,             0.00016283,             0.00016283
                    182,                0.96136,                0.66595,                 1.2658,                 1.0028,                0.69134,                 1.2655,                 0.8805,                0.89014,                0.94318,                0.70986,                0.89907,                 0.5561,                 1.1586,                0.91506,                0.50987,                 1.1104,             0.00015576,             0.00015576,             0.00015576
                    183,                  0.972,                0.66657,                 1.2727,                 1.0096,                0.68531,                   1.27,                0.89373,                 0.8857,                0.95259,                0.72051,                0.88478,                0.53953,                 1.1578,                0.89887,                0.48829,                 1.1099,             0.00014869,             0.00014869,             0.00014869
                    184,                0.95284,                0.67036,                 1.2614,                0.99118,                0.69788,                 1.2593,                 0.8863,                0.89277,                 0.9508,                 0.7268,                0.86522,                0.53355,                 1.1533,                 0.8758,                0.49338,                 1.0991,             0.00014161,             0.00014161,             0.00014161
                    185,                0.97971,                  0.675,                 1.2816,                 1.0149,                0.70319,                 1.2768,                0.85255,                0.91377,                0.95429,                0.72468,                0.87552,                0.52862,                 1.1623,                0.89034,                0.48511,                 1.1111,             0.00013454,             0.00013454,             0.00013454
                    186,                0.98055,                 0.6742,                 1.2806,                 1.0198,                 0.7041,                 1.2804,                0.91423,                0.88299,                0.95443,                0.73032,                0.86845,                0.52458,                 1.1518,                0.88773,                0.47965,                 1.1051,             0.00012747,             0.00012747,             0.00012747
                    187,                0.95927,                0.66249,                 1.2607,                0.99676,                0.68474,                 1.2605,                0.90373,                0.89093,                0.95331,                0.72869,                 0.8649,                0.52607,                 1.1591,                0.88156,                0.48808,                 1.1056,             0.00012039,             0.00012039,             0.00012039
                    188,                0.95946,                0.65437,                 1.2623,                0.99527,                 0.6798,                 1.2614,                 0.9034,                0.89789,                0.95466,                0.72692,                0.86374,                 0.5234,                 1.1569,                0.87938,                0.47668,                 1.1042,             0.00011332,             0.00011332,             0.00011332
                    189,                0.95941,                 0.6483,                 1.2683,                0.99599,                0.66762,                 1.2658,                0.88831,                0.88884,                0.95222,                0.72385,                0.86773,                0.52721,                 1.1586,                0.87895,                0.49266,                 1.1022,             0.00010625,             0.00010625,             0.00010625
                    190,                0.93712,                0.65535,                 1.2538,                0.97795,                0.67731,                 1.2531,                0.87861,                0.90604,                0.95211,                 0.7286,                0.86342,                 0.5285,                 1.1521,                0.87705,                0.48877,                 1.0988,             9.9173e-05,             9.9173e-05,             9.9173e-05
                    191,                0.95077,                0.68706,                 1.2734,                0.98016,                0.67652,                 1.2626,                0.91734,                0.88155,                0.95458,                0.72269,                0.89076,                0.52913,                 1.1502,                0.90989,                0.47985,                 1.1109,             9.2099e-05,             9.2099e-05,             9.2099e-05
                    192,                0.93551,                 0.6435,                 1.2432,                0.96049,                0.63235,                 1.2398,                0.89959,                0.88627,                0.95168,                0.71954,                0.89285,                0.53325,                 1.1498,                0.91561,                0.47503,                 1.1123,             8.5026e-05,             8.5026e-05,             8.5026e-05
                    193,                0.91689,                  0.621,                  1.235,                0.94253,                0.61586,                 1.2296,                0.89102,                 0.8787,                0.95141,                0.72016,                0.87372,                0.54042,                 1.1487,                0.89085,                0.49339,                 1.1035,             7.7952e-05,             7.7952e-05,             7.7952e-05
                    194,                0.91435,                0.61031,                 1.2294,                0.93718,                0.59774,                 1.2213,                0.91069,                0.86922,                0.95395,                0.72412,                0.87234,                0.53599,                  1.148,                0.89008,                0.48064,                 1.0996,             7.0878e-05,             7.0878e-05,             7.0878e-05
                    195,                0.90586,                0.60774,                 1.2217,                0.93629,                0.58854,                 1.2152,                0.91321,                0.88763,                0.95129,                0.72463,                0.87046,                0.53669,                 1.1465,                0.88859,                0.48601,                 1.1021,             6.3805e-05,             6.3805e-05,             6.3805e-05
                    196,                0.91314,                0.60862,                 1.2395,                0.93764,                0.59662,                 1.2314,                0.90862,                0.88668,                0.95364,                0.72814,                0.86493,                0.52992,                 1.1476,                0.88244,                0.48013,                 1.1019,             5.6731e-05,             5.6731e-05,             5.6731e-05
                    197,                0.90522,                0.60897,                 1.2272,                 0.9262,                0.60286,                 1.2202,                0.91339,                0.87981,                 0.9559,                0.72852,                0.85765,                0.52757,                 1.1468,                0.87566,                0.47441,                 1.1015,             4.9658e-05,             4.9658e-05,             4.9658e-05
                    198,                0.89395,                0.59886,                 1.2172,                0.92242,                0.57744,                 1.2121,                0.92135,                 0.8724,                0.95565,                0.73104,                0.85412,                0.52907,                 1.1473,                0.87206,                0.47635,                 1.1021,             4.2584e-05,             4.2584e-05,             4.2584e-05
                    199,                 0.8968,                0.59599,                 1.2216,                 0.9227,                0.57904,                 1.2105,                0.89646,                 0.9079,                0.95675,                0.73212,                0.85286,                0.52226,                 1.1433,                0.86945,                0.47335,                 1.1005,             3.5511e-05,             3.5511e-05,             3.5511e-05
                    200,                 0.9056,                0.60848,                 1.2262,                 0.9255,                0.58714,                 1.2143,                0.90471,                0.90807,                0.95684,                 0.7311,                0.85144,                0.51933,                 1.1438,                0.86905,                 0.4715,                  1.099,             2.8437e-05,             2.8437e-05,             2.8437e-05
